fid,station_name,Land
1,Rigi,Switzerland
2,Mythenregion,Switzerland
3,Mörlialp - Giswil,Switzerland
4,Melchsee-Frutt,Switzerland
5,Marbach - Marbachegg,Switzerland
6,Hoch-Ybrig,Switzerland
7,Gibswil,Switzerland
8,Wildhaus - Toggenburg,Switzerland
9,Mollis - Schilt,Switzerland
10,Schwellbrunn - Appenzell,Switzerland
11,Pizol - Bad Ragaz - Wangs,Switzerland
12,Wolzenalp,Switzerland
13,Kerenzerberg - Filzbach,Switzerland
14,Kronberg,Switzerland
15,Les Diablerets,Switzerland
16,Charmey.ch,Switzerland
17,Veysonnaz - 4 Vallées,Switzerland
18,Vercorin,Switzerland
19,Nax / Mont-Noble,Switzerland
20,Les Marécottes,Switzerland
21,Evolène Espace Dent-Blanche,Switzerland
22,St-Cergue,Switzerland
23,Ibergeregg,Switzerland
24,Stoos,Switzerland
25,Rothenthurm,Switzerland
26,LAAX,Switzerland
27,Heuberge,Switzerland
28,Davos,Switzerland
29,Bivio,Switzerland
30,Bever/Engadin,Switzerland
31,Engelberg - Titlis,Switzerland
32,La Chaux-de-Fonds,Switzerland
33,Moléson s/Gruyères,Switzerland
34,St. Moritz,Switzerland
35,Kiental-Ramslauenen,Switzerland
36,Eriz,Switzerland
37,Elm,Switzerland
38,Ebenalp-Horn,Switzerland
39,Degersheim,Switzerland
40,Atzmännig,Switzerland
41,Zernez/Engadin,Switzerland
42,Tschiertschen,Switzerland
43,Tschappina-Heinzenberg,Switzerland
44,Silvaplana/Engadin,Switzerland
45,Engadin Scuol Zernez,Switzerland
46,Pontresina/Engadin,Switzerland
47,Bergbahnen Obersaxen Mundaun,Switzerland
48,Engadin,Switzerland
49,Arosa Lenzerheide,Switzerland
50,Elsigen - Metsch,Switzerland
51,Beatenberg - Niederhorn,Switzerland
52,Aeschi / Aeschiried,Switzerland
53,Adelboden,Switzerland
54,Dallenwil Wirzweli,Switzerland
55,Studen SZ,Switzerland
56,Sörenberg,Switzerland
57,Langis - Glaubenberg,Switzerland
58,Klewenalp-Stockhütte,Switzerland
59,Andermatt-Oberalp-Sedrun,Switzerland
60,Dent-de-Vaulion,Switzerland
61,Chur - Brambrüesch,Switzerland
62,Leukerbad,Switzerland
63,Bergbahnen Splügen,Switzerland
64,Rosswald,Switzerland
65,Moosalpregion Bürchen - Törbel,Switzerland
66,Jaun - Dorf,Switzerland
67,Wengen - Jungfrau Ski Region,Switzerland
68,Schwanden - Sigriswil,Switzerland
69,Schilthorn - Mürren - Jungfrau Ski Region,Switzerland
70,Lenk im Simmental,Switzerland
71,Lauterbrunnen,Switzerland
72,Kandersteg,Switzerland
73,Habkern,Switzerland
74,Disentis,Switzerland
75,Verbier,Switzerland
76,Torgon-Portes du Soleil,Switzerland
77,Ovronnaz,Switzerland
78,Nendaz - 4 Vallées,Switzerland
79,Grimentz-Zinal /Anniviers,Switzerland
80,La Fouly,Switzerland
81,Rochers-de-Naye - Caux,Switzerland
82,Flumserberg,Switzerland
83,Ebnat-Kappel - Toggenburg,Switzerland
84,Braunwald,Switzerland
85,Vals,Switzerland
86,Samedan/Engadin,Switzerland
87,Celerina/Engadin,Switzerland
88,Maloja/Engadin,Switzerland
89,Klosters,Switzerland
90,Grüsch-Danusa,Switzerland
91,Arosa Lenzerheide,Switzerland
92,Val Müstair,Switzerland
93,Sedrun-Oberalp-Andermatt,Switzerland
94,Bergbahnen Brigels AG,Switzerland
95,Zuoz/Engadin,Switzerland
96,Savognin,Switzerland
97,St-Luc / Chandolin,Switzerland
98,Champex-Lac,Switzerland
99,Bellwald - Familienpark Goms,Switzerland
100,Zermatt - Matterhorn,Switzerland
101,Unterbäch-Brandalp-Ginals,Switzerland
102,Saas-Grund,Switzerland
103,Saas-Fee,Switzerland
104,Lauchernalp-Lötschental,Switzerland
105,Grächen,Switzerland
106,Bruson,Switzerland
107,Aletsch Arena ,Switzerland
108,Thyon - 4 Vallées,Switzerland
109,Arolla Espace Dent-Blanche,Switzerland
110,Anzère,Switzerland
111,Sainte-Croix / Les Rasses,Switzerland
112,Villars-Gryon,Switzerland
113,Saignelégier,Switzerland
114,Les Paccots - La Veveyse,Switzerland
115,Pilatus / Luzern,Switzerland
116,Sattel - Hochstuckli,Switzerland
117,Samnaun/Ischgl,Switzerland
118,Toggenburg,Switzerland
119,Airolo-Pesciüm,Switzerland
120,Eischoll,Switzerland
121,Les Breuleux,Switzerland
122,Schwarzsee FR,Switzerland
123,Rathvel s/Châtel-St-Denis,Switzerland
124,Nordic Région Gibloux,Switzerland
125,Reichenbach - Faltschen - Kiental,Switzerland
126,Bergbahnen Diemtigtal,Switzerland
127,Heimenschwand,Switzerland
128,Rossberg Oberwil i.S.,Switzerland
129,Meiringen - Hasliberg,Switzerland
130,Jaunpass - Boltigen,Switzerland
131,Ferienregion Gstaad,Switzerland
132,La Berra - La Roche,Switzerland
133,Grindelwald - Jungfrau Region,Switzerland
134,Wiriehorn,Switzerland
135,Glacier 3000,Switzerland
136,Les Avants - Sonloup,Switzerland
137,Vallée de La Sagne ,Switzerland
138,Vue des Alpes/Tête de Ran,Switzerland
139,Le Pâquier - Crêt-du-Puy,Switzerland
140,Bugnenets - Savagnières ,Switzerland
141,Vallée de La Brévine,Switzerland
142,Chäserrugg - Toggenburg,Switzerland
143,Alt St. Johann-Toggenburg,Switzerland
144,Prés-d'Orvin-Chasseral,Switzerland
145,Les Genevez ,Switzerland
146,Madulain/Engadin,Switzerland
147,S-chanf/Engadin,Switzerland
148,Einsiedeln Bolzberg-Trachslau,Switzerland
149,Bosco Gurin,Switzerland
150,Forclaz Espace Dent-Blanche,Switzerland
151,Vichères - Bavon,Switzerland
152,Weissenberge - Matt,Switzerland
153,Visperterminen,Switzerland
154,Staldenried - Gspon,Switzerland
155,Jeizinen,Switzerland
156,Saas-Almagell,Switzerland
157,Goms,Switzerland
158,Gadmen,Switzerland
159,"Einsiedeln, Loipe Schwedentritt",Switzerland
160,Homberg,Switzerland
161,Eggiwil,Switzerland
162,Oberiberg / Ybrig,Switzerland
163,Rothwald - Wasenalp,Switzerland
164,Grosse Scheidegg,Switzerland
165,Nara / Leontica,Switzerland
166,Rüschegg / Eywald,Switzerland
167,Gantrisch - Riffenmatt,Switzerland
168,Gantrisch - Ottenleue,Switzerland
169,Gantrisch Gurnigel,Switzerland
170,Balmberg,Switzerland
171,Wasserfallen,Switzerland
172,Sigriswil - Justistal,Switzerland
173,La Dôle - Jura sur Léman,Switzerland
174,Carì,Switzerland
175,Simplon,Switzerland
176,Davos Rinerhorn,Switzerland
177,Davos Jakobshorn,Switzerland
178,Davos Pischa,Switzerland
179,Davos Schatzalp,Switzerland
180,Davos Klosters Parsenn,Switzerland
181,Klosters Madrisa,Switzerland
182,Beatenberg - Hohwald,Switzerland
183,Zweisimmen - Sparenmoos,Switzerland
184,Lungern-Turren-Schönbüel,Switzerland
185,Rougemont - Videmanette,Switzerland
186,Mettmen,Switzerland
187,Sunnbüel - Kandersteg,Switzerland
188,San Bernardino,Switzerland
189,Gonten - Appenzellerland,Switzerland
190,Küssnacht - Seebodenalp,Switzerland
191,Leysin,Switzerland
192,Urnäsch AR,Switzerland
193,La Tzoumaz - Savoleyres,Switzerland
194,Mont-Soleil - Mont-Crosin,Switzerland
195,Engstligenalp,Switzerland
196,Tramelan,Switzerland
197,Landschaftspark Binntal,Switzerland
198,Engelberg-Brunni,Switzerland
199,Malbun - Steg (FL),Switzerland
200,Sils/Engadin,Switzerland
201,Crans - Montana,Switzerland
202,Les Pléiades,Switzerland
203,Portes du Soleil - Champéry - Les Crosets - Champoussin - Morgins,Switzerland
204,Amden Arvenbüel,Switzerland
205,Blatten-Belalp,Switzerland
206,Val-de-Travers/La Robella,Switzerland
207,Bumbach / Schangnau,Switzerland
208,La Punt/Engadin,Switzerland
209,Brienz - Axalp,Switzerland
210,Bergün Filisur,Switzerland
211,Les Mosses - La Lécherette,Switzerland
